Parent,Agency No.,Agency Name,Contact,Operating Hours,Address,Latitude,Longitude,Agency_Name_Clean,Agency_Name_Standardized,,Filter_1,Filter_2,,
R1010,R1010FP,Alliance of AIDS Services,919-834-2437,"TWTH 10:00 am - 3pm by appointment, Fridays Walk-ins accepted 10:00 am - 12:00 pm","3109 Poplarwood Ct Ste 200, Raleigh, NC 27604",35.81678982,-78.60502977,alliance of aids services,alliance of aids services,,Food Distribution,Food Pantries,,
R1021,R1021FP,Baptist Grove,919-787-4528,2nd & 4th Saturday 10:00 am - 11:00 am,"7109 Leesville Rd, Raleigh, NC 27613",35.9287006,-78.7659083,baptist grove,baptist grove,,Food Distribution,Food Pantries,,
R1026,R1026FP,Bethlehem Baptist Church,919-847-5219,Tues & Thurs 11:00 am - 2:00 pm by appointment only,"7215 Six Forks Rd, Raleigh, NC 27615",35.8786101,-78.6460751,bethlehem baptist church,bethlehem baptist church,,Food Distribution,Food Pantries,,
R1041,R1041FP,Capital Pentacostal Church,919-772-5919,"T, TH 9-12",1308 US 70 W Garner 27529,35.6813,-78.5975,capital pentacostal church,capital pentacostal church,,Food Distribution,Food Pantries,,
R1048,R1048FP,Catholic Parish Outreach,919-873-0245, M/W/Th/F/Sa 9 am – 12 pm,"2013 N Raleigh Blvd, Raleigh, NC 27604",35.8040531,-78.6079239,catholic parish outreach,catholic parish outreach,,Food Distribution,Food Pantries,,
R1061,R1061FP,Church Of God Of Prophecy,919-851-8507,Fridays 10:00 am -1:30 pm,"5005 Western Blvd, Raleigh, NC 27606",35.78649,-78.709364,church of god of prophecy,church of god of prophecy,,Food Distribution,Food Pantries,,
R1062,R1062FP,Church of God-Sermon del Monte,919-780-0179,"Tuesday 6 pm - 8 pm, 1st Friday 9am - 12pm, 2nd Sat 9am-12pm","6105 Fayetteville Rd, Raleigh, NC 27603",35.6936091,-78.6750674,church of god-sermon del monte,church of god-sermon del monte,,Food Distribution,Food Pantries,,
R1073,R1073FP,Community Helpers Service,919-271-0181,"M-T-F: 10:00 am - 12:00 pm,  W & F: 8:00 am - 12:00 PM","111-B N First Ave, Knightdale, NC 27545",35.78819275,-78.48103614,community helpers service,community helpers service,,Food Distribution,Food Pantries,,
R1074,R1074FP,Community of Hope Ministries,919-779-6679 ,"Tuesday & Thurs 11:00 -12:00 pm, 3rd Thursday 6pm -7pm",601 Saint Mary's Street Garner NC 27529,35.574345,-78.563623,community of hope ministries,community of hope ministries,,Food Distribution,Food Pantries,,
R1075,R1075FP,Comunidad Cristiana Hosanna,732-309-4982,"1st and 3rd Friday, 10 am ; Every Wednesday, 10 am- 12 pm","204 Shelden Dr, Raleigh, NC 27610",35.7417709,-78.6371808,comunidad cristiana hosanna,comunidad cristiana hosanna,,Food Distribution,Food Pantries,,
R1078,R1078FP,Covenant Life Church,919-615-1122,"Tuesday, Wednesday, and Thursday  4pm-5:45pm ","555 SW Maynard Rd., Cary, NC 27511",35.7715846,-78.7941314,covenant life church,covenant life church,,Food Distribution,Food Pantries,,
R1079,R1079FP,Crabtree Valley Baptist Church,919-781-5345,Wednesday 9am - 12pm,"4408 Lead Mine Rd, Raleigh, NC 27622",35.8404884,-78.6732864,crabtree valley baptist church,crabtree valley baptist church,,Food Distribution,Food Pantries,,
R1103,R1103FP,Dorcas Ministries,919-469-9861,Mon-Sati 9 am-3pm,"187 High House Rd, Cary, NC 27511",36.8272876,-78.5435585,dorcas ministries,dorcas ministries,,Food Distribution,Food Pantries,,
R1117,R1117FP,Emmanuel Hispanic Pentecostal,919-902-1994,3rd  Fridays 9am-12pm,"4119 Rock Quarry Rd, Raleigh, NC 27610",35.7440451,-78.5796559,emmanuel hispanic pentecostal,emmanuel hispanic pentecostal,,Food Distribution,Food Pantries,,
R1121,R1121FP,Faith In Action,919-803-4838,"Tuesday, Thursday 5:00 pm - 6:30 pm","100 Professional Ct Suite 104, Garner, NC 27529",35.60795938,-78.56906387,faith in action,faith in action,,Food Distribution,Food Pantries,,
R1122,R1122FP,Faith Missionary Baptist,919-779-2509,1st & 3rd Wed 10:30-12:00 pm,"908 Suffolk Blvd, Raleigh, NC 27603",35.7450327,-78.6591247,faith missionary baptist,faith missionary baptist,,Food Distribution,Food Pantries,,
R1125,R1125FP,Fathers Forever,919-779-9905,Mon - Fri 9:00 am - 5:00 pm,"3029 Stoneybrook Dr Ste 105, Raleigh, NC 27604",35.82098528,-78.58618527,fathers forever,fathers forever,,Food Distribution,Food Pantries,,
R1133,R1133FP,First Cosmopolitan MBC,919-691-7528,"2nd, 3rd & 4th Tue from, 1pm - 4pm","1515 Cross Link Rd, Raleigh, NC 27610",35.752959,-78.616132,first cosmopolitan mbc,first cosmopolitan mbc,,Food Distribution,Food Pantries,,
R1156,R1156FP,Fuquay-Varina Emergency,919-552-7720,"Tues 9-11:45, Thurs. 3:00pm-5:45pm","216 W Academy St, Fuquay-Varina, NC 27526",35.58450068,-78.80145926,fuquay-varina emergency,fuquay-varina emergency,,Food Distribution,Food Pantries,,
R1185,R1185FP,Hearts For Children Intl,919-614-2068,3rd Sat 10am-11am,"14705 New Light Rd, Wake Forest, NC 27587",36.0183902,-78.6554482,hearts for children intl,hearts for children intl,,Food Distribution,Food Pantries,,
R1193,R1193FP,Holly Springs Food Cupboard,919-577-2210,Monday 1:00pm-4:00pm and Thursday 2:00pm – 5:00pm,"621 W Holly Springs Rd, Holly Springs, NC 27540",35.6555269,-78.8426276,holly springs food cupboard,holly springs food cupboard,,Food Distribution,Food Pantries,,
R1198,R1198FP,Iglesia De Dios Pentecostal,919-906-5042,4th Fridays 11am-1pm,"2331 New Bern Ave, Raleigh, NC 27610",35.0959143,-77.0692189,iglesia de dios pentecostal,iglesia de dios pentecostal,,Food Distribution,Food Pantries,,
R1211,R1211FP,Juniper Level,919-832-5435,1st & 3rd Thursday 9:30 am -11:30am,"9104 Sauls Rd, Raleigh, NC 27603",35.6311955,-78.6418855,juniper level,juniper level,,Food Distribution,Food Pantries,,
R1227,R1227FP,Macedonia New Life,919-832-2784,Every Thursday from 12-1pm and 1st/3rd/5th Saturday from 12-1pm,"2004 Rock Quarry Rd, Raleigh, NC 27610",35.75222342,-78.6132374,macedonia new life,macedonia new life,,Food Distribution,Food Pantries,,
R1233,R1233FP,Millbrook United Methodist,919-876-0865,Saturdays  10:00 am-12:00 pm,"1712 E Millbrook Rd, Raleigh, NC 27609",35.8498898,-78.6064219,millbrook united methodist,millbrook united methodist,,Food Distribution,Food Pantries,,
R1244,R1244FP,N.C.A. Philip Randolph Inst.,919-833-6671,"Thursday, Friday 1:30 pm -3:30 p.m.","1408 Hillsborough St, Raleigh, NC 27605",35.7840819,-78.6569706,n.c.a. philip randolph inst.,n.c.a. philip randolph inst.,,Food Distribution,Food Pantries,,
R1251,R1251FP,New Bethel Baptist Church,919-389-1347,2nd Tuesday and  3rd Tuesday from 10 to 1 pm. And the third Saturday once a quarter for Need to Feed from 8 to 10 am,"605 E Young St, Rolesville, NC 27571",35.9173222,-78.452307,new bethel baptist church,new bethel baptist church,,Food Distribution,Food Pantries,,
R1252,R1252FP,New Bethel Christian Church,202-302-0158,2nd & 4th Tuesday 10:30 am - 12:30 pm,"4307 Old Poole Rd, Raleigh, NC 27610",35.7645706,-78.5670835,new bethel christian church,new bethel christian church,,Food Distribution,Food Pantries,,
R1258,R1258FP,New Freedom Christian,919-601-2352,Fridays 5:30 p.m. - as supplies last,"3540 Maitland Dr Ste 102, Raleigh, NC 27610",35.79630358,-78.58134352,new freedom christian,new freedom christian,,Food Distribution,Food Pantries,,
R1263,R1263FP,New Providence Missionary,919-552-3531,2nd & 3rd Sat 1:00 pm - 3:00 pm,"4813 Hilltop Needmore Rd, Fuquay-Varina, NC 27526",35.6317666,-78.7446191,new providence missionary,new providence missionary,,Food Distribution,Food Pantries,,
R1267,R1267FP,North Haven Ministries Inc,919-847-4291,3rd Sat 10 am - 11:00 am,"6620 Six Forks Rd, Raleigh, NC 27615",35.8712017,-78.6407859,north haven ministries inc,north haven ministries inc,,Food Distribution,Food Pantries,,
R1277,R1277FP,Open Door Baptist Church,919.847.6969, Saturday 11:00 am - 12:00 pm,"9801 Durant Road, Raleigh, NC 27614",35.8999761,-78.5764474,open door baptist church,open door baptist church,,Food Distribution,Food Pantries,,
R1288,R1288FP,Pleasant Grove Missionary,919-365-0013,"1st & 3rd Tuesday 10 a.m. - 11a.m., 1st & 3rd Wednesday 5 p.m. - 6 p.m., 5th Tues 10am-11am","948 Morphus Bridge Rd, Wendell, NC 27591",35.781547,-78.3526548,pleasant grove missionary,pleasant grove missionary,,Food Distribution,Food Pantries,,
R1290,R1290FP,Poplar Springs Christian,919-772-5151,1st & 4th Monday 7:00 am -10:00 am,"6115 Old Stage Rd, Raleigh, NC 27603",35.69560794,-78.65218411,poplar springs christian,poplar springs christian,,Food Distribution,Food Pantries,,
R1294,R1294FP,Progressive Teamwork Outreach,919-395-8253,"3rd Tues 4pm-6pm, TH 4p-6p, Sa- by appointment only","1300 Mack Todd Rd, Zebulon, NC 27597",35.8080682,-78.3351355,progressive teamwork outreach,progressive teamwork outreach,,Food Distribution,Food Pantries,,
R1298,R1298FP,Raleigh Church of Christ,919-852-5683,4th Saturday 9:30 am -11::00 am,"911 Barringer Dr, Raleigh, NC 27606",35.775499,-78.723314,raleigh church of christ,raleigh church of christ,,Food Distribution,Food Pantries,,
R1299,R1299FP,Raleigh Dream Center,919-867-4446,Friday 10:00 am - 11:30 am,"4301 Louisburg Rd, Raleigh, NC 27604",35.8420238,-78.5751221,raleigh dream center,raleigh dream center,,Food Distribution,Food Pantries,,
R1303,R1303FP,Raleigh Rescue Mission,919-828-9014 ,As needed,"314 E Hargett St, Raleigh, NC 27601",34.8982722,-77.5433889,raleigh rescue mission,raleigh rescue mission,,Food Distribution,Food Pantries,,
R1315,R1315FP,Revelation Missionary Baptist Church,919-828-9292,"3rd Saturday, 10-11:30 am","805 E Davie St, Raleigh, NC 27601",35.77541794,-78.62595649,revelation missionary,revelation missionary,,Food Distribution,Food Pantries,,
R1318,R1318FP,Richland Creek Community,919-556-9292,2nd & 4th Saturday 9:00 am - 11:00 am,"3229 Burlington Mills Rd, Wake Forest, NC 27587",35.920139,-78.52198,richland creek community,richland creek community,,Food Distribution,Food Pantries,,
R1331,R1331FP,Salvation Army-Raleigh,919-834-6733,Tuesday & Thursday 1pm-3pm,"1863 Capital Blvd, Raleigh, NC 27601",35.8071403,-78.6170536,salvation army-raleigh,salvation army,,Food Distribution,Food Pantries,,
R1356,R1356FP,St. Anna Freewill Baptist,919-552-1107,3rd Friday  12-2pm,"11705 Old Stage Rd, Willow Springs, NC 27592",35.59298391,-78.69014113,st. anna freewill baptist,st. anna freewill baptist,,Food Distribution,Food Pantries,,
R1364,R1364FP,State St. Community Church,919-828-3746,3rd Sat 11:00 am - 12:30pm & as needed,"1200 S State St, Raleigh, NC 27610",35.76505666,-78.6251975,state st. community church,state st. community church,,Food Distribution,Food Pantries,,
R1365,R1365FP,The Stone Chapel,919-880-7817,Sundays 7:30 AM - 12:30 PM,"701 S Main St, Wake Forest, NC 27587",35.97255718,-78.51517709,the stone chapel,the stone chapel,,Food Distribution,Food Pantries,,
R1367,R1367FP,Sure Promise Christian Church,919-758-0843,"Every other Saturday, 11:00 am to 1:00 pm","4301 Pearl Rd, Raleigh, NC 27610",35.72389517,-78.56002875,sure promise christian church,sure promise christian church,,Food Distribution,Food Pantries,,
R1379,R1379FP1,The Point Care Center,919-467-9159,Saturday 11:00 am - 12:00 pm,"1503 Walnut St, Cary, NC 27511",35.76538382,-78.75109326,the point care center,the point care center,,Food Distribution,Food Pantries,,
R1381,R1381FP,The Ship Outreach & Comm Cntr,919-926-7896,2nd Saturday 10:00 am - 11:30 am,"2635 S Saunders St., Raleigh, NC 27603",35.7474161,-78.6491119,the ship outreach & comm cntr,the ship outreach & comm cntr,,Food Distribution,Food Pantries,,
R1384,R1384FP,Tri-Area Ministry,919-556-7144,"Mon, Wed,2nd & 3rd Sat 10 am-1:pm","149 East Holding Ave, Wake Forest, NC 27587",35.9720918,-78.5133344,tri-area ministry,tri-area ministry,,Food Distribution,Food Pantries,,
R1390,R1390FP,UMOJA Central SDA Church,919-931-7877, Fridays 10:00 am - 12:00 pm,"314 Bashford Rd, Raleigh, NC 27606",35.7823521,-78.7388891,umoja central sda church,umoja central sda church,,Food Distribution,Food Pantries,,
R1395,R1395FP,Upper Room Church of God,919-829-6160," 2nd & 4th Thurs 6:00 pm 9:30 pm,  2nd Sat 9am-12pm","3300 Idlewood Village Dr, Raleigh, NC 27610",35.736222,-78.616961,upper room church of god,upper room church of god,,Food Distribution,Food Pantries,,
R1396,R1396FP,Urban Ministries of Wake County,919-256-2170,M-F/9a-1p,"1390 Capital Blvd, Raleigh, NC 27603",35.79937075,-78.63493983,urban ministries of wake county,urban ministries,,Food Distribution,Food Pantries,,
R1399,R1399FP,Victory Gospel Chapel,919-743-0086,Wed 11am-2pm,"1118 S East St, Raleigh, NC 27610",29.9638469,-92.1347427,victory gospel chapel,victory gospel chapel,,Food Distribution,Food Pantries,,
R1402,R1402FP,Wake Chapel Church,919-872-7776, 2nd Saturday 9:00 am and by appointment during office hours,"3805 Tarheel Club Rd, Raleigh, NC 27604",35.8274836,-78.5225572,wake chapel church,wake chapel church,,Food Distribution,Food Pantries,,
R1416,R1416FP,Wendell United Methodist,919-906-5414,"Tuesdays 5pm -7pm, Thursday 9am - 10:30 am, last Sat 10am - 12 noon","129 N Main St, Wendell, NC 27591",35.7841057,",-78.37010604898941",wendell united methodist,wendell united methodist,,Food Distribution,Food Pantries,,
R1418,R1418FP,Western Wake Crisis Ministry,919-362-0657,Monday-Thursday 9am - 5pm by appt only,"1600 Olive Chapel Rd. Suite 408, Apex, NC 27502",35.73709755,-78.89101422,western wake crisis ministry,western wake crisis ministry,,Food Distribution,Food Pantries,,
R1419,R1419FP,White Oak Foundation,919-362-6768,Wednesdays and Fridays from 12:00-2:00,"1621 White Oak Church Rd, Apex, NC 27523",35.77992456,-78.9187318,white oak foundation,white oak foundation,,Food Distribution,Food Pantries,,
R1420,R1420FP,Williams Grove Baptist Church,919-829-1282,1st & 4th Sat 10:30 am - 12:30 pm,"735 Rock Quarry Rd, Raleigh, NC 27610",35.7698282,-78.61814492,williams grove baptist church,williams grove baptist church,,Food Distribution,Food Pantries,,
R1422,R1422FP,With Love From Jesus Ministry,919-750-6131,Tues/Wed/Fri/Sat -- 9:30am - 12pm,"421 Chapanoke Rd, Raleigh, NC 27603",35.7354139,-78.6494171,with love from jesus ministry,with love from jesus,,Food Distribution,Food Pantries,,
R1425,R1425FP,Word of God Fellowship,919-834-1141,Thurs 1pm - 2pm and as needed,"3000 Rock Quarry Rd, Raleigh, NC 27610",35.747316,-78.597078,word of god fellowship,word of god fellowship,,Food Distribution,Food Pantries,,
R1427,R1427FP,Zebulon United Methodist,772-360-8739,Tuesday & Thursday 9am to10:30 am ,"114 W Sycamore St, Zebulon, NC 27597",35.82346266,-78.31590851,zebulon united methodist,zebulon united methodist,,Food Distribution,Food Pantries,,
R1503,R1503FP,Solid Rock Ministry International Inc.,919-772-5681,"1st & 3rd Wednesday, 4th Saturday 9am -11am","401 Creech Rd, Garner, NC 27529",35.71398745,-78.60386287,solid rock ministry international inc.,solid rock ministry international inc.,,Food Distribution,Food Pantries,,
R1505,R1505FP,Christian Life Fellowship Food Pantry,919-877-5770,"1st & 3rd Saturdays, 9-11 am","3209 Gresham Lake Road, Suite 136Raleigh NC 27615",35.88485,-78.582561,christian life fellowship food pantry,christian life fellowship food pantry,,Food Distribution,Food Pantries,,
R1506,R1506FP,NC Harm Reduction,919-370-0671,Wednesday- Friday 11:00 am - 4:00 pm,"4024 Barrett Dr Ste 101, Raleigh, NC 27609",35.8309961,-78.63036111,nc harm reduction,nc harm reduction,,Food Distribution,Food Pantries,,
R1508,R1508FP,DHIC,919-832-4345 ,24hr access to residents,"1951 Booker Drive, Raleigh, NC 27610",35.7871294,-78.6149306,dhic,dhic,,Food Distribution,Food Pantries,,
R1509,R1509FP,Jewish Family Services,919-676-2200,Monday - Friday 9am - 3pm,"8210 Creedmoor Rd Ste 104, Raleigh, NC 27609",35.89901682,-78.68006283,jewish family services,jewish family services,,Food Distribution,Food Pantries,,
R1510,R1510FP,North Raleigh Ministries,919-844-6676,"MTTH10:30 am - 2:00pm, W 3:30pm - 7:00 pm","2809 E Millbrook Rd, Raleigh, NC 27609",35.849539,-78.586369,north raleigh ministries,north raleigh ministries,,Food Distribution,Food Pantries,,
R1518,R1518FP,Kirk of Kildaire Presbyterian Church,919-467-4944,"Wednesday 10am -11am, 6:30pm -7:30pm ; 1st & 3rd Saturday 10am - 11am","200 High Meadow Dr, Cary, NC 27511",35.7621908,-78.7851092,kirk of kildaire presbyterian church,kirk of kildaire presbyterian church,,Food Distribution,Food Pantries,,
R1538,R1538FP,Grace Christian Church,919-878-8388,"4th Sat  9am-12pm quarterly ( Jan, April, July & Oct)","7715 Louisburg Rd, Raleigh, NC 27616",35.8986327,-78.4996115,grace christian church,grace christian church,,Food Distribution,Food Pantries,,
R1563,R1563FP,Iglesia Tabernaculo De Restauracion,201-699-2796,"3rd Friday 12:00 pm - 3:00 pm, & as needed","7604 Rock Quarry Rd., Raleigh, NC 27610",35.6910415,-78.5271918,iglesia tabernaculo de restauracion,iglesia tabernaculo de restauracion,,Food Distribution,Food Pantries,,
R1585,R1585FP,Springfield Baptist Church,919-772-8078,1st & 3rd Saturday 9am - 1pm,"4309 Auburn Knightdale Rd., Raleigh, NC 27610",35.697484,-78.543158,springfield baptist church,springfield baptist church,,Food Distribution,Food Pantries,,
R1586,R1586FP,Open Table,919-832-1390,"Wednesdays, 12pm - 1pm","824 Bloodworth St., Raleigh, NC 27604",35.79150997,-78.63148235,open table,open table,,Food Distribution,Food Pantries,,
R1587,R1587FP,Celebration Church,919-954-8800,"1st, 3rd & 5th Sat 11:00 am-12:30 pm","8700 Capital Blvd., Raleigh, NC 27616",35.8973239,-78.5587136,celebration church,celebration church,,Food Distribution,Food Pantries,,
R1593,R1593FP,Lincoln Park Holiness Church,919-880-5065,"Tues & Thurs 2pm-4pm, Sat 2pm-3pm","1504 New Bern Ave, Raleigh, NC 27610",35.7801719,-78.6169435,lincoln park holiness church,lincoln park holiness church,,Food Distribution,Food Pantries,,
R1605,R1605FP,The Way Church,984-365-6222,"Every other Mon 8am-12pm, 3rd Tue 12pm-2pm","3704 Benson Rd., Garner, NC 27529",35.62792069,-78.61031965,the way church,the way church,,Food Distribution,Food Pantries,,
R1606,R1606FP,Compass Christian Church,919-277-1680,1st Sat 10am-12pm,"5309 Umstead Rd., Fuquay-Varina, NC 27526",35.6302703,-78.720175,compass christian church,compass christian church,,Food Distribution,Food Pantries,,
R1620,R1620FP,South Raleigh Inwood Care Pantry,919-422-5278,Sat 11am-12pm,"3700 Lake Wheeler Rd, Raleigh, NC 27603",35.7305089,-78.6833344,south raleigh inwood care pantry,south raleigh inwood care pantry,,Food Distribution,Food Pantries,,
R1624,R1624FP,Iglesia Pentecostal Puerta Al Cielo,919-337-7045,Thursday 5pm-6pm,"1411-1 Diggs Dr., Raleigh, NC 27603",35.75528755,-78.66234357,iglesia pentecostal puerta al cielo,iglesia pentecostal puerta al cielo,,Food Distribution,Food Pantries,,
R1625,R1625FP,Oak City Baptist Church,919-676-9895,Saturday 9am-12pm,"726 Method Rd., Raleigh, NC 27607",35.7897828,-78.693701,oak city baptist church,oak city baptist church,,Food Distribution,Food Pantries,,
R1641,R1641FP,Wake Relief,207-838-1493,"Mon & Tue 1pm -3pm, W 10am -12pm, 4th Sat 10am -12pm","616 Tucker Street, Raleigh, NC 27603",35.78670865,-78.64841474,wake relief,wake relief,,Food Distribution,Food Pantries,,
R1642,R1642FP,Grace Within Transitions Foundation,919-289-9772,"1st & 3rd Tue 4pm-7pm, 2nd & 4th Sat 10am-12pm","2611 Torquay Crossing, Raleigh, NC 27616",35.8665349,-78.5929465,grace within transitions foundation,grace within transitions foundation,,Food Distribution,Food Pantries,,
C1000,C1000FP,Martin Street Baptist Church,919-833-9756,"2nd Saturday of each month, 10am-11am","1001 E Martin St, Raleigh, NC 27601",35.776476,-78.623752,martin street baptist church,martin street baptist church,,Food Distribution,Food Pantries,,
C1001,C1001FP,Cross Point Community Church Mobile Market,919-427-6677,"1st Saturday of each month, 9am-11am","1001 Steeple Square Court, Knightdale, NC 27545",35.8025854,-78.4885557,cross point community church mobile market,cross point community church mobile market,,Food Distribution,Food Pantries,,
C1002,C1002FP,Wilson Temple,919-828-9989,"2nd and 4th Saturdays, 11am -1pm; HOLIDAY CHANGES: December dates: 2nd and 3rd Saturdays","1023 Oberlin Rd, Raleigh, NC 27605",35.797206,-78.6603521,wilson temple,wilson temple,,Food Distribution,Food Pantries,,
C1003,C1003FP,Wake Forest Baptist Church Mobile Market,919-556-5141,"3rd Tuesday of the month, 4:30pm-6pm","107 E. South Av, Wake Forest, NC 27601",35.9788085,-78.5113378,wake forest baptist church mobile market,wake forest baptist church,,Food Distribution,Food Pantries,,
C1004,C1004FP,Cary Church,919-467-0537,Saturdays (1st & 2nd weeks starting at 11 am),107 Quade Drive Cary NC 27513,35.8170997,-78.8046151,cary church,cary church,,Food Distribution,Food Pantries,,
C1005,C1005FP,Christ Community UMC,919-553-9770,2nd Saturday 9am,1082 Amelia Church Road Clayton 27520,35.6470269,-78.4898179,christ community united methodist church,christ community united methodist church,,Food Distribution,Food Pantries,,
C1006,C1006FP,First Baptist Creedmoor Food Mission ,919-528-2351,Wednesday 9 - 11:30am,119 South Main Street Creedmoor 27522,36.117632,-78.6867117,first baptist creedmoor food mission,first baptist creedmoor food mission,,Food Distribution,Food Pantries,,
C1007,C1007FP,Glory Tabernacle,919-906-9384,Tuesdays (2-4 pm),"120 Weathers Street, Youngsville, NC 27596",35.931434,-78.456786,glory tabernacle,glory tabernacle,,Food Distribution,Food Pantries,,
C1008,C1008FP,Cristo La Solucion,919-790-0266,Thursday 8pm Sunday 10am,1205 N Smithfield Rd Knightdale,35.7997838,-78.4874397,cristo la solucion,cristo la solucion,,Food Distribution,Food Pantries,,
C1009,C1009FP,FEED Ministry: North Wake Church,919-556-1546,Sunday (8:45 - 10:15 am),"1212 South Main Street, # 2 Wake Forest NC27587",35.9727114,-78.5153267,feed ministry: north wake church,feed ministry: north wake church,,Food Distribution,Food Pantries,,
C1010,C1010FP,The Father's Table-Calvary Faith Center,No phone # listed,3rd Saturday,"124 Tast Drive, Wendell, NC 27591",35.707826,-78.362676,the father’s table-calvary faith center,the father’s table-calvary faith center,,Food Distribution,Food Pantries,,
C1011,C1011FP,Lincoln Park Food Distribution Ministry,984-200-4427,"Tuesdays and Thursdays, 2pm-4pm; Saturdays, 2pm-3pm","13 Heath St, Raleigh, NC 27610",35.7793772,-78.6170866,lincoln park food distribution ministry,lincoln park food distribution ministry,,Food Distribution,Food Pantries,,
C1012,C1012FP,St. Augustine’s University,919-516-4580,Tuesdays & Thursdays 9 am to 1 pm,"1315 Oakwood Avenue, Hunter 201Raleigh, NC 27610",35.788042,-78.617442,st. augustine’s university,st. augustine’s university,,Food Distribution,Food Pantries,,
C1013,C1013FP,Bread for Life Mobile Market at the Boys and Girls Club of Zebulon,919-492-0783,"3rd Saturday of each month, 9am-10pm","1320 Shephard School Rd, Zebulon, NC 27597",35.899467,-78.310962,bread for life mobile market at the boys and girls club of zebulon,bread for life mobile market at the boys and girls club of zebulon,,Food Distribution,Food Pantries,,
C1014,C1014FP,Care Pantry - Apex The Point Church,919-467-9159,Saturday 11am-12pm,1402 E Williams St Apex 27539,35.7135944,-78.8396692,care pantry - apex the point church,care pantry - apex the point church,,Food Distribution,Food Pantries,,
C1015,C1015FP,Praise Temple Multi-Cultural Mobile Market,919-833-8513,4th Saturday of month 10-11am,1426 Wake Forest Rd Raleigh 27604,35.79866,-78.626909,praise temple multi-cultural mobile market,praise temple multi-cultural mobile market,,Food Distribution,Food Pantries,,
C1016,C1016FP,Green Pines Baptist Church,919-266-1613,"Wednesdays, 5:30 to 6 pm",1498 Hodge Road Knightdale NC 27545,35.78412,-78.527095,green pines baptist church,green pines baptist church,,Food Distribution,Food Pantries,,
C1017,C1017FP,Hephzibah Baptist Church,919-365-7847,Monday and Wednesday 1-3pm,1794 Wendell Blvd Wendell,35.7997984,-78.3893279,hephzibah baptist church,hephzibah baptist church,,Food Distribution,Food Pantries,,
C1018,C1018FP,A Place Called Hope,919-662-8019,1st Saturday  9am-1pm  2nd and 4th Wednesday 5pm-7pm,1809 Garner Station Blvd Raleigh 27603,35.7076,-78.6563,a place called hope,a place called hope,,Food Distribution,Food Pantries,,
C1020,C1020FP,Gethsemane SDA Church,919-614-5106,1st and 3rd Thursday 1-4pm,2525 Sanderford Rd Raleigh 27610,35.7455912,-78.6137437,gethsemane sda church,gethsemane sda church,,Food Distribution,Food Pantries,,
C1021,C1021FP,Straightway Temple Ministries,919-269-5070,3rd Wednesday of month 11am-1pm,3009 Rosinburg Rd Zebulon,35.82432,-78.31472,straightway temple ministries,straightway temple ministries,,Food Distribution,Food Pantries,,
C1022,C1022FP,Islamic Association of Raleigh Food Pantry,919-834-9572,"1st Saturday, 10 am to 12 noon",3032 Ligon Street Raleigh NC 27607,35.7891949,-78.6911758,islamic association of raleigh food pantry,islamic association of raleigh food pantry,,Food Distribution,Food Pantries,,
C1023,C1023FP,Extended Hands Mobile Market at St John United Holy Church,919-333-2118,"2nd Tuesday of each month, 11am-1pm","3201 Jack Mitchell Rd, Zebulon, NC 27597",35.870413,-78.351863,extended hands mobile market at st john united holy church,extended hands mobile market at st john united holy church,,Food Distribution,Food Pantries,,
C1024,C1024FP,First Worldwide Ministries,919-948-7003,Friday 4:30-5:30pm,3201 New Bern Avenue Raleigh 27610,35.790105,-78.586953,first worldwide ministries,first worldwide ministries,,Food Distribution,Food Pantries,,
C1025,C1025FP,Wake Crossroads,919-266-2957,"3rd Thursday, 4-6 pm","3328 Forestville Road, Raleigh, NC 27616",35.8836586,-78.5101848,wake crossroads,wake crossroads,,Food Distribution,Food Pantries,,
C1026,C1026FP,Deliverance Church International - Angier,984-202-4741,Wednesday,3328 Old Stage Rd N Angier 27501,35.4572427,-78.6911528,deliverance church international - angier,deliverance church international - angier,,Food Distribution,Food Pantries,,
C1027,C1027FP,Hope House Friendship Chapel Church,919-263-1007,Thursday 1-1:45pm,334 North Allen Rd Wake Forest 27587,35.9806016,-78.5004029,hope house friendship chapel church,hope house friendship chapel church,,Food Distribution,Food Pantries,,
C1028,C1028FP,New Fellowship Ministry Food Pantry ,919-362-9100,Thursday 11am-12pm 10am-12pm in summer,3515 Crittenden Lane Holly Springs,35.6816494,-78.8341276,new fellowship ministry food pantry,new fellowship ministry food pantry,,Food Distribution,Food Pantries,,
C1029,C1029FP,Centro Christiano Emanuel,919-523-4167,1st and 3rd Friday 9:30am-1pm,"3603 Bastion Ln., Ste. 101 Raleigh 27604",35.7978203,-78.5848787,centro christiano emanuel,centro christiano emanuel,,Food Distribution,Food Pantries,,
C1030,C1030FP,Wendell Baptist Church,919-365-4631,Monday (3:30-5:30 pm) and 2nd/4th Saturdays (10-12 pm),"3651 Wendell Boulevard, Wendell, NC 27591",35.784328,-78.3689938,wendell baptist church,wendell baptist church,,Food Distribution,Food Pantries,,
C1031,C1031FP,Zina Christian Church Pantry,919-954-9190,By appointment only,3700 Bastion Lane Raleigh Raleigh 27604,35.7991705,-78.5819431,zina christian church pantry,zina christian church pantry,,Food Distribution,Food Pantries,,
C1032,C1032FP,Zebulon Baptist Church,919-269-7329,Monday and Wednesday 10am-12pm,400 N. Arendell Ave. Zebulon,35.824441,-78.314593,zebulon baptist church,zebulon baptist church,,Food Distribution,Food Pantries,,
C1033,C1033FP,Greater Pentecostal Church,919-231-9982,"Monday, Wednesday, and Friday 10-11am",414 Rose Ln Raleigh 27610,35.7712816,-78.5985583,greater pentecostal church,greater pentecostal church,,Food Distribution,Food Pantries,,
C1034,C1034FP,Abundant Life Cathedral,919-539-3420,"4th Saturday of each month, 9am-10am; HOLIDAY CHANGES: November and December will be the 3rd Saturdays","4400 Old Poole Rd, Raleigh, NC 27610",35.763646,-78.566195,abundant life cathedral,abundant life cathedral,,Food Distribution,Food Pantries,,
C1035,C1035FP,Covenant Life Fellowship Church,(919) 810-4261,"4th Saturdays, 10 - 12","4720 Forestville Rd.Raleigh, N.C. 27616",35.85237705,-78.51421182,,,,Food Distribution,Food Pantries,,
C1036,C1036FP,Universal Outreach,919-327-7702,"Every other Saturday, 9:30am-12pm","4913 Universal Dr, Wake Forest, NC 27587",35.888263,-78.481036,universal outreach,universal outreach,,Food Distribution,Food Pantries,,
C1037,C1037FP,O'Neal Revival Tabernacle,919-375-4275,2nd Saturday of month 9-11am,500 Richardson Rd Zebulon,35.82432,-78.31472,o'neal revival tabernacle,o'neal revival tabernacle,,Food Distribution,Food Pantries,,
C1038,C1038FP,Burning Bush Ministries Food Pantry,"919-662-4004, 919-231-7998, 919-649-4203",Tuesday and Thursday 10am-2pm by appointment only,503 US Hwy 70 E Garner 27529,35.6813,-78.60386287,burning bush ministries food pantry,burning bush ministries food pantry,,Food Distribution,Food Pantries,,
C1039,C1039FP,Kipling UMC ,919-552-2124,Thursday 4:30 - 5:30pm,55 Kipling Church Rd Fuquay Varina,35.58432,-78.80001,kipling united methodist church,kipling united methodist church,,Food Distribution,Food Pantries,,
C1040,C1040FP,Garner Area Ministries,919-772-9100,"Monday, Wednesday, Friday, 9-12",558 Village Court Garner NC 27529,35.7081413,-78.6191727,garner area ministries,garner area ministries,,Food Distribution,Food Pantries,,
C1041,C1041FP,Inter Community Council Northpark Shared Pantry,919-301-8250 and  919-508-1202,"Monday, Thursday, and Saturday by appointment only",600 Tucker Street Raleigh 27603,35.786355,-78.647416,inter community council northpark shared pantry,inter community council northpark shared pantry,,Food Distribution,Food Pantries,,
C1042,C1042FP,Riley Hill Family Life Center ,919-365-5277,1st and 3rd Tuesday of month 11:30am-12:30pm,6109 Riley Hill Rd. Wendell,35.8684854,-78.4319438,riley hill family life center,riley hill family life center,,Food Distribution,Food Pantries,,
C1043,C1043FP,Brooks Avenue Church of Christ,919-821-2400,2nd and 4th Saturday of month  9am-12pm,700 Brooks Ave Raleigh 27607,35.796938,-78.6727805,brooks avenue church of christ,brooks avenue church of christ,,Food Distribution,Food Pantries,,
C1044,C1044FP,Focus Church Food Pantry,919-335-5171,Sunday 12-1:30pm,7000 Destiny Dr. Raleigh 27604,35.8334,-78.5799,focus church food pantry,focus church food pantry,,Food Distribution,Food Pantries,,
C1045,C1045FP,Clayton Area Ministries,919-553-5654,"Monday ,Friday 1-3pm",704 East Main St Clayton 27520,35.6450182,-78.4518478,clayton area ministries,clayton area ministries,,Food Distribution,Food Pantries,,
C1046,C1046FP,Knightdale United Methodist Church ,919-266-2373,Monday 9:30-10am,7071 Forestville Rd Knightdale,35.809384,-78.486664,knightdale united methodist church,knightdale united methodist church,,Food Distribution,Food Pantries,,
C1047,C1047FP,Corinth United Church of Christ,919-556-1810,2nd & 4th Friday 10am-1pm,7900 Zebulon Road HWY 96 Youngsville 27596,36.0078,-78.4412,corinth united church of christ,corinth united church of christ,,Food Distribution,Food Pantries,,
C1048,C1048FP,"Operation Nahyelle, Inc.",919-285-2025,"1st and 3rd Saturdays of each month, 10am-12pm; 2nd and 4th Tuesdays and Thursdays, 3:30pm-5:30pm","800 S Main Street, Fuquay-Varina, NC 27526",35.574696,-78.800697,"operation nahyelle, inc.","operation nayhelle, inc",,Food Distribution,Food Pantries,,
C1049,C1049FP,Hope Community Church Food Pantry,919-532-0620 x145,"Wednesdays, 12pm-6:30pm; HOLIDAY CHANGES: Closed November 23rd and December 28th","821 Buck Jones Rd, Raleigh, NC 27606",35.7728702,-78.736879,hope community church food pantry,hope community church,,Food Distribution,Food Pantries,,
C1050,C1050FP,Glory Cloud and Fire Food Ministry,919-269-5830,3rd Saturday of month 9-11am,8800 Hwy 39 Zebulon,35.82432,-78.31472,glory cloud and fire food ministry,glory cloud and fire food ministry,,Food Distribution,Food Pantries,,
C1051,C1051FP,Pleasant Grove Baptist Church,919-365-7292,"1st & 3rd Tuesdays, 9:30 - 10:30 am",952 Morphus Bridge,35.7815245,-78.3525884,pleasant grove baptist church,pleasant grove baptist church,,Food Distribution,Food Pantries,,
C1052,C1052FP,The Nest - Beltline Center Wake Technical Community College,919-532-5964,Monday: 12-2pm  Tuesday: 6-8pm  Thursday: 12-2pm,Beltline Education Center 3200 Bush Street Raleigh 27609,35.848,-78.6317,the nest - beltline center wake technical community college,the nest - beltline center wake technical community college,,Food Distribution,Food Pantries,,
C1053,C1053FP,The Nest - North Campus Wake Technical Community College,919-532-5964,Tuesday: 10am-12pm  Wednesday: 3-5pm  Thursday: 1-3pm,Northern Wake Campus  6600 Louisburg Rd Raleigh 27616,35.868117,-78.5417272,the nest - north campus wake technical community college,the nest - north campus wake technical community college,,Food Distribution,Food Pantries,,
C1054,C1054FP,The Nest - Health Sciences Campus Wake Technical Community College advocacy/the-nest,919-532-5964,Monday: 3-5pm Thursday: 10am-12pm,Perry Health Sciences Campus 2901 Holston Ln Raleigh 27610,35.7667,-78.6008,the nest - health sciences campus wake technical community college advocacy/the-nest,the nest - health sciences campus wake technical community college advocacy/the-nest,,Food Distribution,Food Pantries,,
C1055,C1055FP,The Nest - South Campus,919-866-5066,Monday: 1-3pm Tuesday: 3-5pm Friday: 10am-12pm,Southern Wake Main Campus 9101 Fayetteville Rd Raleigh 27603,35.7076,-78.6563,the nest - south campus,the nest - south campus,,Food Distribution,Food Pantries,,
C1056,C1056FP,Kraft Family YMCA Mobile Market ,919-236-9715,1st Tuesday 5-6pm,St Augusta Missionary Baptist 605 Bridge St Fuquay Varina,35.58432,-78.80001,kraft family ymca mobile market,kraft family ymca mobile market,,Food Distribution,Food Pantries,,
R1013,R1013AS,Apex UMC,919-423-1453,Weekend supplement,100 S Hughes St Apex NC 27502,35.729717,-78.849556,919-423-1453,cd5242@gmail.com,AFTER SCH,Youth Programs,After School,,
R1074,R1074AS,Community of Hope Ministries,919-779-6679 ,"Tuesdays and Thursdays Ð 11:00am-12:00pm
3rd Thursday of every month Ð 6:00-7:00pm",601 St Mary's St Garner NC 27529,35.574345,-78.563623,919-779-6679,amy.white@cohmin.org,AFTER SCH,Youth Programs,After School,,
R1642,R1642FP2,Grace Within Transitions Foundation,919-289-9772,"Monday - Friday 4pm - 6pm, Sat 10am - 2pm",2611 Torquay Crossing Raleigh NC 27616,35.8665349,-78.5929465,919-949-9117,gracewt211@gmail.com,AFTER SCH,Youth Programs,After School,,
R1303,R1303DC,Raleigh Rescue Mission,919-828-9014 ,"Daily-Breakfast 7am-8am, Lunch 12pm -1pm",314 E Hargett St Raleigh NC 27601,34.8982722,-77.5433889,919-828-9014 ,virginia@raleighrescue.org,DAY CARE,Youth Programs,After School,,
R1367,R1367DC,Sure Promise Chritian Church,919-758-0843,Monday - Friday 6am -6pm,4301 Pearl Rd Raleigh NC 27610,35.72389517,-78.56002875,919-758-0843,oliverpittman@me.com,DAY CARE,Youth Programs,After School,,
R1059,R1059GH1,Christian Life Home,#N/A,24/7 hrs,Confidential Raleigh NC 27612,#N/A,#N/A,919-510-5400,sherry@christianlifehome.org,GROUP HOME,Other,Group Homes,,
R1125,R1125GH1,Fathers Forever-Archies House,919-779-9905,24HR,2938 Glenridge Dr Raleigh NC 27604,35.82098528,-78.58618527,919-779-9905,angelahawkins@afatherforever.com,GROUP HOME,Other,Group Homes,,
R1125,R1125GH2,Fathers Forever - Kenny's House,919-779-9905,24HR,2313 Trawick Rd. Raleigh NC 27604,35.82098528,-78.58618527,919-779-9905,angelahawkins@afatherforever.com,GROUP HOME,Other,Group Homes,,
R1125,R1125GH3,Fathers Forever - Wesley's House,919-779-9905,24hr,4801 Old Poole Rd Raleigh NC 27610,35.82098528,-78.58618527,919-779-9905,angelahawkins@afatherforever.com,GROUP HOME,Other,Group Homes,,
R1125,R1125GH4,Fathers Forever - Erin's House,919-779-9905,24HR,1420 West Chester Rd. Raleigh NC 27610,35.82098528,-78.58618527,919-779-9905,angelahawkins@afatherforever.com,GROUP HOME,Other,Group Homes,,
R1125,R1125GH5,Fathers Forever - Herbert's House,919-779-9905,24HR,2301 Watkins St. Raleigh NC 27604,35.82098528,-78.58618527,919-779-9905,angelahawkins@afatherforever.com,GROUP HOME,Other,Group Homes,,
R1127,R1127GH,Fellowship Home of Raleigh,"(919) 833-6030, (919) 259-3038",24/7,506 Cutler St Raleigh NC 27603,35.77413131,-78.65216878,919-833-6030,bhodges@fellowshiphome.org,GROUP HOME,Other,Group Homes,,
R1301,R1301GH,"Raleigh Housing Fund, Inc",(919)327-2229,24 HR,10 N East St Raleigh NC 27601,35.7806542,-78.63185,919-649-2457,joedemuro2003@yahoo.com,GROUP HOME,Other,Group Homes,,
R1050,R1050SCH,Centennial Campus Middle,#N/A,As needed,1900 Main Campus Dr Raleigh NC 27606,35.7584466,-78.68788955,919-856-7637,ccmmsptsapres@gmail.com,SCHOOL,Youth Programs,School,,
R1183,R1183SH1,Healing Transitions,#N/A,24/7,1251 Goode St Raleigh NC 27603,35.7640157,-78.658348,919-838-9800 ,klong@healing-transitions.org,SHELTER,Other,Shelters,,
R1183,R1183SH2,Healing Transitions,#N/A,24hr facility,3304 Glen Royal Rd Raleigh NC 27603,35.8826773,-78.7509228,919-971-0259,klong@healing-transitions.org,SHELTER,Other,Shelters,,
R1303,R1303SH,Raleigh Rescue Mission,919-828-9014 ,"Daily-Breakfast 7am-8am, Lunch 12pm -1pm, Dinner 4pm-5pm",314 E Hargett St Raleigh NC 27601,34.8982722,-77.5433889,919-828-9014 ,virginia@raleighrescue.org,SHELTER,Other,Shelters,,
R1331,R1331SH,Salvation Army-Raleigh,919-834-6733,24 hours a day,1863 Capital Blvd Raleigh NC 27601,35.8071403,-78.6170536,919-834-6733,ama.agyemang@uss.salvationarmy.org,SHELTER,Other,Shelters,,
R1303,R1303SK,Raleigh Rescue Mission,919-828-9014 ,"Daily-Breakfast 7am-8am, Lunch 12pm -1pm, Dinner 4pm-5pm",314 E Hargett St Raleigh NC 27601,34.8982722,-77.5433889,919-828-9014 ,virginia@raleighrescue.org,SOUP KITCH,Food Distribution,Feeding Programs,,
R1331,R1331SK,Salvation Army-Raleigh,919-834-6733,Mon-Fri 5:00p.m.-6:00p.m.,1863 Capital Blvd Raleigh NC 27601,35.8071403,-78.6170536,919-834-6733,stephen.gruver@uss.salvationarmy.org,SOUP KITCH,Food Distribution,Feeding Programs,,
R1612,R1612SK,Grace A.M.E Church,9198349286,Monday - Thursday 3:30pm - 4:30pm,1401 Boyer St. Raleigh NC 27603,35.7812,-78.61733249,919-827-7475,marywiggins2008@yahoo.com,SOUP KITCH,Food Distribution,Feeding Programs,,
R1405,R1405SPC1,Wake Technical Institute-Southern Campus,Ê919-866-6111,"M: 1-3, T: 3-5, W/T: C, F: 10-12   ",9101 Fayeteville Rd Raleigh NC 27603,35.6525,-78.70316495,919-866-5942,mchenderson@waketech.edu,SPC,Young adult programs,College,,
R1405,R1405SPC2,Wake Technical Institute-Scott Northern Campus,Ê919-866-6111,"M: 1-3, T: 3-5, W/T: C, F: 10-12   ",6600 Louisburg Rd Raleigh NC 27616,35.867,-78.54430914,919-532-5653,ajconte@waketech.edu,SPC,Young adult programs,College,,
R1405,R1405SPC3,Wake Technical Institute-Perry Health Sciences,Ê919-866-6111,"Tues 10am-2pm, Thurs 2pm- 4pm, Fri 10am-2pm",2901 Holston Lane Raleigh NC 27610,35.7842,-78.5853563,919-747-0410,cberry@waketech.edu,SPC,Young adult programs,College,,
R1513,R1513SPC,Feed the Pack,919.515.1110,"Tue., Wed, 12 pm - 6 pm & Friday 12 pm - 4 pm",2200 Hillsborough St. Raleigh NC 27607,35.7872,-78.66444288,919-515-3129,,SPC,Young adult programs,University,,
R1592,R1592YPC,YPC-Saint Augustine College,919.516.5083,TUESDAYS & THURSDAYSÊ9 a.m. Ð 1 p.m. By appointment only,1315 Oakwood Ave. Raleigh NC 27610,35.7861,-78.62188573,919-516-4680,JYBannerman@st-aug.edu,YPC,Young adult programs,College,,
,,,,,,,,,,,,,,
,,,,,,,,,,,,,,
,,,,,,,,,,,,,,
,,,,,,,,,,,,,,
,,,,,,,,,,,,,,
,,,,,,,,,,,,,,
,,,,,,,,,,,,,,
,,,,,,,,,,,,,,
,,,,,,,,,,,,,,
,,,,,,,,,,,,,,